<?xml version="1.0" encoding="UTF-8"?>
<beans xmlns="http://www.springframework.org/schema/beans"
	xmlns:xsi="http://www.w3.org/2001/XMLSchema-instance"

	xsi:schemaLocation="http://www.springframework.org/schema/beans http://www.springframework.org/schema/beans/spring-beans-4.3.xsd
		http://www.springframework.org/schema/context http://www.springframework.org/schema/context/spring-context-4.3.xsd">


	<bean id="emp" class="com.cg.lab2.Employee">

		<property name="employeeId" value="1" />
		<property name="name" value="Naishadh" />
		<property name="salary" value="50000.0" />
		<property name="buUnit" value="xyz" />
		<property name="age" value="30" />
		<property name="sbu" ref="sbu"></property>
	</bean>
	
	<bean id="sbu" class="com.cg.lab2.SbuBean">
	<constructor-arg name="sbuCode" value="PES-BU"/>
	<constructor-arg name="sbuhead" value="Kiran Rao"/>
	<constructor-arg name="sbuName" value="Product Engineering Services"/>
	
	</bean>
	
</beans>