<?xml version="1.0" encoding="UTF-8"?>
<beans xmlns="http://www.springframework.org/schema/beans"
	xmlns:xsi="http://www.w3.org/2001/XMLSchema-instance"

	xsi:schemaLocation="http://www.springframework.org/schema/beans http://www.springframework.org/schema/beans/spring-beans-4.3.xsd
		http://www.springframework.org/schema/context http://www.springframework.org/schema/context/spring-context-4.3.xsd">


	<bean id="emp" class="com.cg.lab3.Employee">

		<property name="employeeId" value="1" />
		<property name="name" value="Naishadh" />
		<property name="salary" value="50000.0" />
	</bean>
	
	<bean class="com.cg.lab3.SbuBean">
	<property name="sbuCode" value="PES-BU"/>
	<property name="sbuName" value="Product Engineering Services"/>
	<property name="sbuhead" value="Kiran Rao"/>
	<property name="empList">
	<list>
	<ref bean = "emp"/>
	<ref bean = "emp1"/>
	</list>	
	</property>
	</bean>
	<bean id="emp1" class="com.cg.lab3.Employee">
	<property name="employeeId" value="1"></property>
	<property name="name" value="Naishadh"/>
	<property name="salary" value="50000.0"/>
	
	</bean>
</beans>