<?xml version="1.0" encoding="UTF-8"?>
<beans xmlns="http://www.springframework.org/schema/beans"
	xmlns:xsi="http://www.w3.org/2001/XMLSchema-instance"

	xsi:schemaLocation="http://www.springframework.org/schema/beans http://www.springframework.org/schema/beans/spring-beans-4.3.xsd
		http://www.springframework.org/schema/context http://www.springframework.org/schema/context/spring-context-4.3.xsd">


	<bean id="list" class="com.cg.lab4.Employee">
		<property name="empList">
		<list>
		<ref bean="emp"/>
		<ref bean="emp1"/>
		<ref bean="emp2"/>
		<ref bean="emp3"/>
		</list>
		</property>
	</bean>
	
	<bean id="emp" class="com.cg.lab4.Employee">

		<property name="employeeId" value="100" />
		<property name="name" value="Rama" />
		<property name="salary" value="12345.67" />
		</bean>
	
	
	<bean id="emp1" class="com.cg.lab4.Employee">

		<property name="employeeId" value="101" />
		<property name="name" value="John" />
		<property name="salary" value="10000.0" />
		</bean>
		
	<bean id="emp2" class="com.cg.lab4.Employee">

		<property name="employeeId" value="102" />
		<property name="name" value="Mac" />
		<property name="salary" value="20000.0" />
		</bean>
	
	<bean id="emp3" class="com.cg.lab4.Employee">

		<property name="employeeId" value="103" />
		<property name="name" value="peter" />
		<property name="salary" value="30000.0" />
		</bean>
	
	
</beans>